Model,Accuracy,Std Dev
AdaBoost,0.9478899535460679,0.012002391325564035
