,precision,recall,f1-score,support
False,0.9694736842105263,0.939795918367347,0.9544041450777202,980.0
True,0.943050193050193,0.9711729622266402,0.9569049951028403,1006.0
accuracy,0.9556898288016112,0.9556898288016112,0.9556898288016112,0.9556898288016112
macro avg,0.9562619386303597,0.9554844402969935,0.9556545700902803,1986.0
weighted avg,0.9560889751937612,0.9556898288016112,0.9556709402062554,1986.0
