Model,Accuracy,Std Dev
KNN,0.8977810969203702,0.014574028297516882
