accuracy,precision,recall,f1_score
0.8943566591422123,0.8988800873811312,0.8943566591422123,0.8950898010621577
