accuracy,precision,recall,f1_score
0.8829128439753458,0.8841449620237867,0.8829128439753458,0.8828752069261918
