accuracy,precision,recall,f1_score
0.8711265848975243,0.8691856797248972,0.8711265848975243,0.8700968833673229
