accuracy,precision,recall,f1_score
0.9998965338851526,0.9998966424540034,0.9998965338851526,0.9998965346606559
