accuracy,precision,recall,f1_score
0.9993187623635059,0.9993236642662108,0.9993187623635059,0.9993196463265752
