,precision,recall,f1-score,support
False,0.9407665505226481,1.0,0.9694793536804309,810.0
True,1.0,0.9017341040462428,0.9483282674772037,519.0
accuracy,0.9616252821670429,0.9616252821670429,0.9616252821670429,0.9616252821670429
macro avg,0.9703832752613241,0.9508670520231214,0.9589038105788172,1329.0
weighted avg,0.963898349077009,0.9616252821670429,0.9612194486845882,1329.0
