,precision,recall,f1-score,support
False,1.0,0.9685114503816794,0.9840038778477945,1048.0
True,0.9640914036996736,1.0,0.9817174515235457,886.0
accuracy,0.9829369183040331,0.9829369183040331,0.9829369183040331,0.9829369183040331
macro avg,0.9820457018498367,0.9842557251908397,0.9828606646856701,1934.0
weighted avg,0.9835496296162931,0.9829369183040331,0.9829564250436144,1934.0
