,precision,recall,f1-score,support
False,0.9553440702781845,0.987887963663891,0.971343505768515,1321.0
True,0.9595959595959596,0.8616780045351474,0.9080047789725209,441.0
accuracy,0.9562996594778661,0.9562996594778661,0.9562996594778661,0.9562996594778661
macro avg,0.9574700149370721,0.9247829840995192,0.9396741423705179,1762.0
weighted avg,0.9564082491596481,0.9562996594778661,0.9554908505375085,1762.0
