,precision,recall,f1-score,support
False,0.9877049180327869,0.9836734693877551,0.9856850715746421,980.0
True,0.9841584158415841,0.9880715705765407,0.9861111111111112,1006.0
accuracy,0.9859013091641491,0.9859013091641491,0.9859013091641491,0.9859013091641491
macro avg,0.9859316669371856,0.9858725199821479,0.9858980913428766,1986.0
weighted avg,0.9859084521695693,0.9859013091641491,0.9859008801213127,1986.0
