,precision,recall,f1-score
False,0.9671457905544147,0.9612244897959183,0.9641760491299898
True,0.9624505928853755,0.9681908548707754,0.9653121902874133
accuracy,0.9647532729103726,0.9647532729103726,0.9647532729103726
macro avg,0.9647981917198951,0.9647076723333469,0.9647441197087016
weighted avg,0.9647674577975903,0.9647532729103726,0.9647515566850593
