,precision,recall,f1-score
False,0.96900826446281,0.9571428571428572,0.9630390143737166
True,0.9587426326129665,0.9701789264413518,0.9644268774703557
accuracy,0.9637462235649547,0.9637462235649547,0.9637462235649547
macro avg,0.9638754485378882,0.9636608917921046,0.9637329459220362
weighted avg,0.9638082515519628,0.9637462235649547,0.9637420306250857
