,precision,recall,f1-score,support
False,0.9678423236514523,0.9520408163265306,0.9598765432098766,980.0
True,0.9540117416829745,0.9691848906560636,0.9615384615384616,1006.0
accuracy,0.9607250755287009,0.9607250755287009,0.9607250755287009,0.9607250755287009
macro avg,0.9609270326672135,0.9606128534912971,0.9607075023741691,1986.0
weighted avg,0.9608365001568457,0.9607250755287009,0.9607183809936412,1986.0
