,precision,recall,f1-score,support
False,0.9669762641898865,0.9561224489795919,0.961518727552591,980.0
True,0.9577187807276303,0.9681908548707754,0.962926347009392,1006.0
accuracy,0.9622356495468278,0.9622356495468278,0.9622356495468278,0.9622356495468278
macro avg,0.9623475224587583,0.9621566519251836,0.9622225372809915,1986.0
weighted avg,0.9622869246314626,0.9622356495468278,0.9622317513056331,1986.0
