,precision,recall,f1-score,support
False,0.9709844559585492,0.9561224489795919,0.9634961439588688,980.0
True,0.9578844270323212,0.9721669980119284,0.9649728663048841,1006.0
accuracy,0.9642497482376636,0.9642497482376636,0.9642497482376636,0.9642497482376636
macro avg,0.9644344414954352,0.9641447234957601,0.9642345051318765,1986.0
weighted avg,0.964348691054327,0.9642497482376636,0.9642441714916439,1986.0
