,precision,recall,f1-score,support
False,0.96794208893485,0.9551020408163265,0.9614791987673343,980.0
True,0.956820412168793,0.9691848906560636,0.9629629629629629,1006.0
accuracy,0.9622356495468278,0.9622356495468278,0.9622356495468278,0.9622356495468278
macro avg,0.9623812505518214,0.9621434657361951,0.9622210808651486,1986.0
weighted avg,0.9623084500493246,0.9622356495468278,0.9622307933196014,1986.0
