,precision,recall,f1-score,support
False,0.9680082559339526,0.9571428571428572,0.9625448948178553,980.0
True,0.9587020648967551,0.9691848906560636,0.9639149777558083,1006.0
accuracy,0.9632426988922457,0.9632426988922457,0.9632426988922457,0.9632426988922457
macro avg,0.9633551604153539,0.9631638738994603,0.9632299362868317,1986.0
weighted avg,0.9632942437570036,0.9632426988922457,0.9632389046041497,1986.0
