Model,Accuracy,Std Dev
DecisionTree,0.9602223966178499,0.011994830270293699
