,precision,recall,f1-score,support
False,0.9678756476683937,0.9530612244897959,0.9604113110539846,980.0
True,0.9549461312438785,0.9691848906560636,0.9620128268376912,1006.0
accuracy,0.9612286002014099,0.9612286002014099,0.9612286002014099,0.9612286002014099
macro avg,0.9614108894561362,0.9611230575729297,0.9612120689458379,1986.0
weighted avg,0.9613262551592989,0.9612286002014099,0.9612225521810785,1986.0
