,precision,recall,f1-score,support
False,0.9690402476780186,0.9581632653061225,0.9635710620831196,980.0
True,0.95968534906588,0.9701789264413518,0.9649036085022245,1006.0
accuracy,0.9642497482376636,0.9642497482376636,0.9642497482376636,0.9642497482376636
macro avg,0.9643627983719493,0.9641710958737372,0.9642373352926721,1986.0
weighted avg,0.9643015628825445,0.9642497482376636,0.9642460579026662,1986.0
