,precision,recall,f1-score,support
False,0.9689762150982419,0.9561224489795919,0.9625064201335388,980.0
True,0.957801766437684,0.9701789264413518,0.9639506172839506,1006.0
accuracy,0.9632426988922457,0.9632426988922457,0.9632426988922457,0.9632426988922457
macro avg,0.9633889907679629,0.9631506877104719,0.9632285187087447,1986.0
weighted avg,0.9633158448301044,0.9632426988922457,0.963237972164412,1986.0
