,precision,recall,f1-score,support
False,0.9719917012448133,0.9561224489795919,0.9639917695473251,980.0
True,0.9579256360078278,0.9731610337972167,0.965483234714004,1006.0
accuracy,0.9647532729103726,0.9647532729103726,0.9647532729103726,0.9647532729103726
macro avg,0.9649586686263205,0.9646417413884043,0.9647375021306646,1986.0
weighted avg,0.9648665946846887,0.9647532729103726,0.9647472649942933,1986.0
