,precision,recall,f1-score,support
False,0.9698857736240913,0.9530612244897959,0.9613998970663922,980.0
True,0.9550342130987293,0.9711729622266402,0.9630359783144407,1006.0
accuracy,0.9622356495468278,0.9622356495468278,0.9622356495468278,0.9622356495468278
macro avg,0.9624599933614103,0.962117093358218,0.9622179376904164,1986.0
weighted avg,0.9623627777084245,0.9622356495468278,0.9622286471849908,1986.0
