,precision,recall,f1-score,support
False,0.9669079627714581,0.9540816326530612,0.96045197740113,980.0
True,0.9558390578999019,0.9681908548707754,0.9619753086419753,1006.0
accuracy,0.9612286002014099,0.9612286002014099,0.9612286002014099,0.9612286002014099
macro avg,0.96137351033568,0.9611362437619183,0.9612136430215527,1986.0
weighted avg,0.9613010552685449,0.9612286002014099,0.9612236144747909,1986.0
