,precision,recall,f1-score,support
False,0.9708939708939709,0.9530612244897959,0.9618949536560247,980.0
True,0.955078125,0.9721669980119284,0.9635467980295567,1006.0
accuracy,0.9627391742195368,0.9627391742195368,0.9627391742195368,0.9627391742195368
macro avg,0.9629860479469854,0.9626141112508622,0.9627208758427908,1986.0
weighted avg,0.9628825202548295,0.9627391742195368,0.9627316885199588,1986.0
