,precision,recall,f1-score,support
False,0.9640287769784173,0.9571428571428572,0.9605734767025089,980.0
True,0.9585389930898321,0.9652087475149106,0.9618623080733036,1006.0
accuracy,0.9612286002014099,0.9612286002014099,0.9612286002014099,0.9612286002014099
macro avg,0.9612838850341248,0.9611758023288839,0.9612178923879062,1986.0
weighted avg,0.96124794989286,0.9612286002014099,0.9612263288470303,1986.0
