,precision,recall,f1-score,support
False,0.9619732785200411,0.9551020408163265,0.9585253456221198,980.0
True,0.9565646594274433,0.963220675944334,0.9598811292719168,1006.0
accuracy,0.959214501510574,0.959214501510574,0.959214501510574,0.959214501510574
macro avg,0.9592689689737421,0.9591613583803302,0.9592032374470183,1986.0
weighted avg,0.9592335651226829,0.959214501510574,0.9592121121637591,1986.0
