,precision,recall,f1-score,support
False,0.9700103412616339,0.9571428571428572,0.9635336414997432,980.0
True,0.9587831207065751,0.9711729622266402,0.9649382716049383,1006.0
accuracy,0.9642497482376636,0.9642497482376636,0.9642497482376636,0.9642497482376636
macro avg,0.9643967309841045,0.9641579096847487,0.9642359565523407,1986.0
weighted avg,0.9643232396108841,0.9642497482376636,0.9642451510092227,1986.0
