,precision,recall,f1-score,support
False,0.9704383282364933,0.9714285714285714,0.9709331973482916,980.0
True,0.972139303482587,0.9711729622266402,0.9716558925907509,1006.0
accuracy,0.9712990936555891,0.9712990936555891,0.9712990936555891,0.9712990936555891
macro avg,0.9712888158595402,0.9713007668276058,0.9712945449695213,1986.0
weighted avg,0.9712999501385932,0.9712990936555891,0.9712992756030319,1986.0
