,precision,recall,f1-score,support
False,0.9734964322120285,0.9744897959183674,0.9739928607853137,980.0
True,0.9751243781094527,0.974155069582505,0.9746394828443561,1006.0
accuracy,0.974320241691843,0.974320241691843,0.974320241691843,0.974320241691843
macro avg,0.9743104051607406,0.9743224327504362,0.9743161718148349,1986.0
weighted avg,0.9743210614027681,0.974320241691843,0.9743204044869233,1986.0
