,precision,recall,f1-score,support
False,0.9751809720785936,0.9622448979591837,0.9686697483307652,980.0
True,0.9636898920510304,0.9761431411530815,0.9698765432098766,1006.0
accuracy,0.9692849949647533,0.9692849949647533,0.9692849949647533,0.9692849949647533
macro avg,0.969435432064812,0.9691940195561326,0.969273145770321,1986.0
weighted avg,0.9693602135147826,0.9692849949647533,0.9692810452332759,1986.0
