,precision,recall,f1-score,support
False,0.9752321981424149,0.9642857142857143,0.9697280656747049,980.0
True,0.9655850540806293,0.9761431411530815,0.9708353929807217,1006.0
accuracy,0.9702920443101712,0.9702920443101712,0.9702920443101712,0.9702920443101712
macro avg,0.9704086261115221,0.9702144277193979,0.9702817293277133,1986.0
weighted avg,0.9703454776357904,0.9702920443101712,0.9702889776937648,1986.0
