Model,Accuracy,Std Dev
RandomForest,0.9695321696644431,0.012001270100188283
