,precision,recall,f1-score,support
False,0.9772727272727273,0.9653061224489796,0.971252566735113,980.0
True,0.9666011787819253,0.9781312127236581,0.9723320158102767,1006.0
accuracy,0.9718026183282981,0.9718026183282981,0.9718026183282981,0.9718026183282981
macro avg,0.9719369530273263,0.9717186675863189,0.9717922912726948,1986.0
weighted avg,0.9718670989838316,0.9718026183282981,0.9717993571528444,1986.0
