,precision,recall,f1-score,support
False,0.977296181630547,0.9663265306122449,0.9717804002052335,980.0
True,0.967551622418879,0.9781312127236581,0.9728126544735541,1006.0
accuracy,0.972306143001007,0.972306143001007,0.972306143001007,0.972306143001007
macro avg,0.972423902024713,0.9722288716679515,0.9722965273393938,1986.0
weighted avg,0.9723601158868722,0.972306143001007,0.9723032842907977,1986.0
