,precision,recall,f1-score,support
False,0.9660493827160493,0.9581632653061225,0.9620901639344263,980.0
True,0.9595660749506904,0.967196819085487,0.9633663366336633,1006.0
accuracy,0.9627391742195368,0.9627391742195368,0.9627391742195368,0.9627391742195368
macro avg,0.9628077288333698,0.9626800421958048,0.9627282502840449,1986.0
weighted avg,0.9627652902629018,0.9627391742195368,0.962736603881774,1986.0
