,precision,recall,f1-score
False,0.9745417515274949,0.976530612244898,0.9755351681957186
True,0.9770916334661355,0.9751491053677932,0.9761194029850746
accuracy,0.9758308157099698,0.9758308157099698,0.9758308157099698
macro avg,0.9758166924968152,0.9758398588063456,0.9758272855903967
weighted avg,0.975833383566907,0.9758308157099698,0.9758311098866009
