,precision,recall,f1-score,support
False,0.973305954825462,0.9673469387755103,0.970317297850563,980.0
True,0.9683794466403162,0.974155069582505,0.9712586719524281,1006.0
accuracy,0.9707955689828801,0.9707955689828801,0.9707955689828801,0.9707955689828801
macro avg,0.970842700732889,0.9707510041790076,0.9707879849014955,1986.0
weighted avg,0.9708104526934093,0.9707955689828801,0.9707941469676205,1986.0
