,precision,recall,f1-score,support
False,0.9672466734902764,0.9642857142857143,0.9657639243740419,980.0
True,0.9653121902874133,0.9681908548707754,0.9667493796526054,1006.0
accuracy,0.9662638469284995,0.9662638469284995,0.9662638469284995,0.9662638469284995
macro avg,0.9662794318888448,0.9662382845782449,0.9662566520133237,1986.0
weighted avg,0.9662667691085643,0.9662638469284995,0.9662631026269295,1986.0
