,precision,recall,f1-score,support
False,0.9694501018329938,0.9714285714285714,0.9704383282364933,980.0
True,0.9721115537848606,0.9701789264413518,0.9711442786069652,1006.0
accuracy,0.9707955689828801,0.9707955689828801,0.9707955689828801,0.9707955689828801
macro avg,0.9707808278089272,0.9708037489349617,0.9707913034217293,1986.0
weighted avg,0.9707982491963262,0.9707955689828801,0.9707959244463095,1986.0
