,precision,recall,f1-score,support
False,0.9703476482617587,0.9683673469387755,0.9693564862104188,980.0
True,0.9692460317460317,0.9711729622266402,0.9702085402184707,1006.0
accuracy,0.9697885196374623,0.9697885196374623,0.9697885196374623,0.9697885196374623
macro avg,0.9697968400038952,0.9697701545827078,0.9697825132144448,1986.0
weighted avg,0.9697896290196533,0.9697885196374623,0.9697880906072468,1986.0
