,precision,recall,f1-score,support
False,0.9684959349593496,0.9724489795918367,0.9704684317718941,980.0
True,0.9730538922155688,0.9691848906560636,0.9711155378486056,1006.0
accuracy,0.9707955689828801,0.9707955689828801,0.9707955689828801,0.9707955689828801
macro avg,0.9707749135874593,0.9708169351239502,0.9707919848102499,1986.0
weighted avg,0.9708047491586228,0.9707955689828801,0.9707962206506311,1986.0
