,precision,recall,f1-score,support
False,0.9743062692702981,0.9673469387755103,0.9708141321044547,980.0
True,0.9684106614017769,0.9751491053677932,0.9717682020802377,1006.0
accuracy,0.9712990936555891,0.9712990936555891,0.9712990936555891,0.9712990936555891
macro avg,0.9713584653360374,0.9712480220716517,0.9712911670923462,1986.0
weighted avg,0.9713198737437461,0.9712990936555891,0.971297412263386,1986.0
