,precision,recall,f1-score
False,0.9693877551020408,0.9693877551020408,0.9693877551020408
True,0.9701789264413518,0.9701789264413518,0.9701789264413518
accuracy,0.9697885196374623,0.9697885196374623,0.9697885196374623
macro avg,0.9697833407716963,0.9697833407716963,0.9697833407716963
weighted avg,0.9697885196374623,0.9697885196374623,0.9697885196374623
