,precision,recall,f1-score,support
False,0.970317297850563,0.9673469387755103,0.968829841594277,980.0
True,0.9682854311199207,0.9711729622266402,0.969727047146402,1006.0
accuracy,0.9692849949647533,0.9692849949647533,0.9692849949647533,0.9692849949647533
macro avg,0.9693013644852418,0.9692599505010753,0.9692784443703395,1986.0
weighted avg,0.9692880642498448,0.9692849949647533,0.9692843173170553,1986.0
