,precision,recall,f1-score,support
False,0.9667673716012085,0.9795918367346939,0.973137354282818,980.0
True,0.9798590130916415,0.967196819085487,0.9734867433716858,1006.0
accuracy,0.973313192346425,0.973313192346425,0.973313192346425,0.973313192346425
macro avg,0.973313192346425,0.9733943279100905,0.973312048827252,1986.0
weighted avg,0.973398887884882,0.973313192346425,0.973314335865598,1986.0
