,precision,recall,f1-score,support
False,0.970498474059003,0.9734693877551021,0.9719816607233825,980.0
True,0.9740777666999003,0.9711729622266402,0.9726231956197113,1006.0
accuracy,0.972306143001007,0.972306143001007,0.972306143001007,0.972306143001007
macro avg,0.9722881203794517,0.9723211749908711,0.9723024281715469,1986.0
weighted avg,0.9723115497874736,0.972306143001007,0.9723066275439801,1986.0
