Model,Accuracy,Std Dev
NaiveBayes,0.7213055200435428,0.025479980483721913
