,precision,recall,f1-score,support
False,0.7062556663644606,0.7948979591836735,0.7479596735477676,980.0
True,0.7723669309173273,0.6779324055666004,0.722075172048703,1006.0
accuracy,0.7356495468277946,0.7356495468277946,0.7356495468277946,0.7356495468277946
macro avg,0.739311298640894,0.7364151823751369,0.7350174227982353,1986.0
weighted avg,0.7397440511278967,0.7356495468277946,0.7348479874913432,1986.0
